{
    "looting": {
        "items": [],
        "maxDanger": 10,
        "minCapacity": 100,
        "containers": [
            {
                "count": 1,
                "id": 2854
            }
        ],
        "everyItem": false
    },
    "targeting": [
        {
            "lureDelay": 250,
            "lureMin": 1,
            "maxDistance": 10,
            "anchorRange": 3,
            "lureCount": 2,
            "avoidAttacks": false,
            "rePositionAmount": 5,
            "lureMax": 3,
            "dynamicLureDelay": false,
            "priority": 1,
            "danger": 3,
            "keepDistance": false,
            "dynamicLure": false,
            "faceMonster": false,
            "chase": true,
            "delayFrom": 2,
            "lureCavebot": true,
            "dontLoot": false,
            "diamondArrows": true,
            "lure": false,
            "anchor": false,
            "keepDistanceRange": 3,
            "rePosition": false,
            "name": "Brimstone Bug",
            "regex": "^brimstone bug$"
        },
        {
            "lureDelay": 250,
            "lureMin": 1,
            "maxDistance": 10,
            "anchorRange": 3,
            "lureCount": 2,
            "avoidAttacks": false,
            "rePositionAmount": 5,
            "lureMax": 3,
            "dynamicLureDelay": false,
            "priority": 1,
            "danger": 1,
            "keepDistance": false,
            "dynamicLure": false,
            "faceMonster": false,
            "chase": true,
            "delayFrom": 2,
            "lureCavebot": true,
            "dontLoot": false,
            "diamondArrows": true,
            "lure": false,
            "anchor": false,
            "keepDistanceRange": 3,
            "rePosition": false,
            "name": "Wailing Widow",
            "regex": "^wailing widow$"
        },
        {
            "lureDelay": 250,
            "lureMin": 1,
            "maxDistance": 10,
            "anchorRange": 3,
            "lureCount": 2,
            "avoidAttacks": false,
            "rePositionAmount": 5,
            "lureMax": 3,
            "dynamicLureDelay": false,
            "priority": 1,
            "danger": 1,
            "keepDistance": false,
            "dynamicLure": false,
            "faceMonster": false,
            "chase": true,
            "delayFrom": 2,
            "lureCavebot": true,
            "dontLoot": false,
            "diamondArrows": true,
            "lure": false,
            "anchor": false,
            "keepDistanceRange": 3,
            "rePosition": false,
            "name": "Lizard High Guard",
            "regex": "^lizard high guard$"
        },
        {
            "lureDelay": 250,
            "lureMin": 1,
            "maxDistance": 10,
            "anchorRange": 3,
            "lureCount": 2,
            "avoidAttacks": false,
            "rePositionAmount": 5,
            "lureMax": 3,
            "dynamicLureDelay": false,
            "priority": 1,
            "danger": 0,
            "keepDistance": false,
            "dynamicLure": false,
            "faceMonster": false,
            "chase": true,
            "delayFrom": 2,
            "lureCavebot": true,
            "dontLoot": false,
            "diamondArrows": true,
            "lure": false,
            "anchor": false,
            "keepDistanceRange": 3,
            "rePosition": false,
            "name": "Lizard Legionnaire",
            "regex": "^lizard legionnaire$"
        },
        {
            "lureDelay": 250,
            "lureMin": 1,
            "maxDistance": 10,
            "anchorRange": 3,
            "lureCount": 2,
            "avoidAttacks": false,
            "rePositionAmount": 5,
            "lureMax": 3,
            "dynamicLureDelay": false,
            "priority": 1,
            "danger": 0,
            "keepDistance": false,
            "dynamicLure": false,
            "faceMonster": false,
            "chase": true,
            "delayFrom": 2,
            "lureCavebot": true,
            "dontLoot": false,
            "diamondArrows": true,
            "lure": false,
            "anchor": false,
            "keepDistanceRange": 3,
            "rePosition": false,
            "name": "Lizard Dragon Priest",
            "regex": "^lizard dragon priest$"
        },
        {
            "lureDelay": 250,
            "lureMin": 1,
            "maxDistance": 10,
            "anchorRange": 3,
            "lureCount": 2,
            "avoidAttacks": false,
            "rePositionAmount": 5,
            "lureMax": 3,
            "dynamicLureDelay": false,
            "priority": 1,
            "danger": 0,
            "keepDistance": false,
            "dynamicLure": false,
            "faceMonster": false,
            "chase": true,
            "delayFrom": 2,
            "lureCavebot": true,
            "dontLoot": false,
            "diamondArrows": true,
            "lure": false,
            "anchor": false,
            "keepDistanceRange": 3,
            "rePosition": false,
            "name": "Mutated Bat",
            "regex": "^mutated bat$"
        },
        {
            "lureDelay": 250,
            "lureMin": 1,
            "maxDistance": 10,
            "anchorRange": 3,
            "lureCount": 2,
            "avoidAttacks": false,
            "rePositionAmount": 5,
            "lureMax": 3,
            "dynamicLureDelay": false,
            "priority": 1,
            "danger": 0,
            "keepDistance": false,
            "dynamicLure": false,
            "faceMonster": false,
            "chase": true,
            "delayFrom": 2,
            "lureCavebot": true,
            "dontLoot": false,
            "diamondArrows": true,
            "lure": false,
            "anchor": false,
            "keepDistanceRange": 3,
            "rePosition": false,
            "name": "Haunted Treeling",
            "regex": "^haunted treeling$"
        },
        {
            "lureDelay": 250,
            "lureMin": 1,
            "maxDistance": 10,
            "anchorRange": 3,
            "lureCount": 2,
            "avoidAttacks": false,
            "rePositionAmount": 5,
            "lureMax": 3,
            "dynamicLureDelay": false,
            "priority": 1,
            "danger": 0,
            "keepDistance": false,
            "dynamicLure": false,
            "faceMonster": false,
            "chase": true,
            "delayFrom": 2,
            "lureCavebot": true,
            "dontLoot": false,
            "diamondArrows": true,
            "lure": false,
            "anchor": false,
            "keepDistanceRange": 3,
            "rePosition": false,
            "name": "Lancer Beetle",
            "regex": "^lancer beetle$"
        },
        {
            "lureDelay": 250,
            "lureMin": 1,
            "maxDistance": 10,
            "anchorRange": 3,
            "lureCount": 2,
            "avoidAttacks": false,
            "rePositionAmount": 5,
            "lureMax": 3,
            "dynamicLureDelay": false,
            "priority": 1,
            "danger": 0,
            "keepDistance": false,
            "dynamicLure": false,
            "faceMonster": false,
            "chase": true,
            "delayFrom": 2,
            "lureCavebot": true,
            "dontLoot": false,
            "diamondArrows": true,
            "lure": false,
            "anchor": false,
            "keepDistanceRange": 3,
            "rePosition": false,
            "name": "Souleater",
            "regex": "^souleater$"
        },
        {
            "lureDelay": 250,
            "lureMin": 1,
            "maxDistance": 10,
            "anchorRange": 3,
            "lureCount": 2,
            "avoidAttacks": false,
            "rePositionAmount": 5,
            "lureMax": 3,
            "dynamicLureDelay": false,
            "priority": 1,
            "danger": 0,
            "keepDistance": false,
            "dynamicLure": false,
            "faceMonster": false,
            "chase": true,
            "delayFrom": 2,
            "lureCavebot": true,
            "dontLoot": false,
            "diamondArrows": true,
            "lure": false,
            "anchor": false,
            "keepDistanceRange": 3,
            "rePosition": false,
            "name": "All",
            "regex": "^all$"
        }
    ]
}